TimestampMicroSeconds,X,Y
21711107606,-0.996757,-0.098032
21711122519,-0.938226,-0.194911
21711135785,-0.881621,-0.290784
21711152595,-0.994956,-0.101334
21711167602,-0.994200,-0.102692
21711212578,-0.992267,-0.104647
21711225768,-0.878096,-0.281117
21711257567,-0.990813,-0.108181
21711270855,-0.873042,-0.280692
21711287576,-0.930119,-0.193192
21711302591,-0.988653,-0.104025
21711315782,-0.865533,-0.282651
21711348658,-0.988128,-0.093051
21711360785,-0.863171,-0.282862
21711377474,-0.862115,-0.283763
21711405736,-0.859840,-0.284480
21711422636,-0.922468,-0.182266
21711450795,-0.853509,-0.285264
21711467578,-0.851290,-0.284454
21711496901,-0.846185,-0.286453
21711512610,-0.906515,-0.195081
21711527596,-0.902303,-0.197914
21711540788,-0.836273,-0.297411
21711557618,-0.893989,-0.198127
21711572570,-0.889841,-0.200566
21711585833,-0.825255,-0.305005
21711602602,-0.884589,-0.208778
21711617571,-0.882749,-0.212881
21711648701,-0.878168,-0.222159
21711662558,-0.876086,-0.225294
21711675761,-0.818986,-0.327329
21711692505,-0.872836,-0.229760
21711707542,-0.871538,-0.231315
21711720807,-0.820203,-0.333396
21711737605,-0.873467,-0.227539
21711765793,-0.822661,-0.336165
21711810786,-0.831776,-0.341351
21711827610,-0.889903,-0.211775
21711855805,-0.837673,-0.344570
21711872592,-0.897047,-0.208559
21711887615,-0.957511,-0.067573
21711900836,-0.898347,-0.212297
21711917526,-0.897312,-0.220709
21711946917,-0.897246,-0.230365
21711962492,-0.845680,-0.347941
21711977512,-0.946621,-0.132676
21711990728,-0.896598,-0.239632
21712007534,-0.896378,-0.240366
21712022554,-0.897184,-0.240680
21712035835,-0.848281,-0.343278
21712052564,-0.952084,-0.137953
21712067501,-0.904466,-0.240857
21712098637,-0.957313,-0.141649
21712112588,-0.910102,-0.238911
21712125837,-0.860797,-0.339949
21712157572,-0.916137,-0.236211
21712170744,-0.866620,-0.343986
21712187565,-0.973954,-0.125931
21712215728,-0.873100,-0.342090
21712260756,-0.881437,-0.342212
21712277588,-0.990259,-0.124243
21712292569,-0.993446,-0.120691
21712322612,-0.996940,-0.116909
21712337578,-0.997844,-0.119406
21712350710,-0.869148,-0.342940
21712412553,-0.863240,-0.343300
21712440758,-0.865156,-0.334175
21712457552,-0.926269,-0.234341
21712472572,-0.984372,-0.132410
21712485718,-0.921500,-0.239012
21712502559,-0.918220,-0.244859
21712517593,-0.970284,-0.156787
21712548644,-0.911228,-0.256541
21712562614,-0.960303,-0.176456
21712575673,-0.906535,-0.264201
21712592559,-0.903148,-0.268999
21712607554,-0.949661,-0.196245
21712620765,-0.897045,-0.273024
21712637506,-0.892727,-0.274597
21712652555,-0.937223,-0.199955
21712665768,-0.840484,-0.355774
21712710760,-0.832469,-0.358048
21712727552,-0.875718,-0.281865
21712755758,-0.822464,-0.363855
21712787577,-0.867384,-0.275337
21712800753,-0.861273,-0.280597
21712817541,-0.856613,-0.288200
21712846830,-0.803337,-0.379766
21712862590,-0.848141,-0.303165
21712877577,-0.845473,-0.308556
21712890713,-0.797877,-0.385913
21712907585,-0.848547,-0.296822
21712922584,-0.849641,-0.290242
21712935700,-0.850195,-0.290812
21712952584,-0.850420,-0.290976
21712967527,-0.850486,-0.290898
21712998659,-0.851632,-0.290126
21713012576,-0.852323,-0.289634
21713025822,-0.810654,-0.387578
21713042556,-0.852624,-0.288655
21713057542,-0.850698,-0.290182
21713070765,-0.809755,-0.382407
21713087547,-0.852142,-0.283807
21713102527,-0.899744,-0.180243
21713148594,-0.855190,-0.273925
21713192568,-0.855386,-0.270936
21713222595,-0.854365,-0.269765
21713237603,-0.854567,-0.267405
21713250788,-0.850437,-0.273011
21713267598,-0.801993,-0.366118
21713296883,-0.835208,-0.290759
21713312567,-0.829872,-0.296243
21713327548,-0.853115,-0.234427
21713340814,-0.799819,-0.365950
21713357577,-0.820168,-0.303136
21713372542,-0.813078,-0.305186
21713385778,-0.790382,-0.367757
21713402574,-0.798061,-0.309049
21713417531,-0.795445,-0.306710
21713448628,-0.790638,-0.302938
21713462589,-0.788217,-0.301509
21713475861,-0.757118,-0.373497
21713492540,-0.786961,-0.296971
21713507576,-0.786635,-0.293922
21713520763,-0.750107,-0.370089
21713537540,-0.787672,-0.285975
21713565823,-0.746797,-0.366518
21713610786,-0.748924,-0.363777
21713627565,-0.793890,-0.269856
21713642575,-0.793711,-0.268800
21713655803,-0.793153,-0.267670
21713672538,-0.790390,-0.265688
21713687533,-0.787794,-0.262812
21713700813,-0.781567,-0.261089
21713717564,-0.777152,-0.259010
21713746940,-0.770793,-0.257385
21713762568,-0.767837,-0.256814
21713777558,-0.765181,-0.257684
21713790790,-0.763533,-0.258179
21713807585,-0.761788,-0.259076
21713822565,-0.759502,-0.259719
21713835786,-0.759398,-0.259190
21713852564,-0.698733,-0.366549
21713867584,-0.760757,-0.256774
21713898587,-0.754997,-0.260427
21713912563,-0.752831,-0.260138
21713925780,-0.695366,-0.362687
21713942467,-0.747955,-0.259661
21713970779,-0.688123,-0.360332
21713987575,-0.742148,-0.256899
21714015766,-0.684462,-0.356365
21714122532,-0.750915,-0.250593
21714137517,-0.795223,-0.250920
21714150786,-0.823170,-0.254525
21714167528,-0.850926,-0.252173
21714196887,-0.887277,-0.244846
21714212525,-0.901738,-0.241602
21714227530,-0.913453,-0.241228
21714257481,-0.932274,-0.238991
21714272520,-0.941474,-0.237440
21714285760,-0.949239,-0.236001
21714302555,-0.955783,-0.235715
21714317530,-0.960108,-0.237037
21714348617,-0.966291,-0.240246
21714375694,-0.968900,-0.243536
21714392462,-0.969653,-0.245464
21714420740,-0.915450,-0.349130
21714452540,-0.968249,-0.245573
21714465742,-0.913217,-0.351274
21714498598,-0.965598,-0.246649
21714510693,-0.911235,-0.358002
21714527523,-0.963170,-0.246619
21714542561,-0.962162,-0.247304
21714555709,-0.905721,-0.355446
21714572549,-0.958596,-0.244394
21714587521,-0.957195,-0.244321
21714600685,-0.901800,-0.353180
21714617563,-0.954619,-0.245049
21714646822,-0.896755,-0.342873
21714662522,-0.952358,-0.242263
21714677551,-0.953029,-0.241848
21714690691,-0.898298,-0.340675
21714707561,-0.955751,-0.242037
21714722525,-0.956688,-0.242527
21714735725,-0.898978,-0.338252
21714752511,-0.952804,-0.241422
21714767555,-1.004686,-0.145454
21714798628,-0.902065,-0.344044
21714825803,-0.901555,-0.343122
21714842545,-0.995969,-0.141572
21714870795,-0.902065,-0.338449
21714887517,-0.994200,-0.143341
21714902548,-0.993960,-0.141950
21714915771,-0.900866,-0.338835
21714948631,-0.946703,-0.238297
21714960812,-0.900272,-0.338775
21714977558,-0.991801,-0.142865
21714992536,-0.946301,-0.243155
21715005807,-0.902884,-0.342407
21715022547,-0.988161,-0.143296
21715037543,-0.945581,-0.243112
21715050777,-0.904373,-0.345595
21715067561,-0.985130,-0.140159
21715096838,-0.905480,-0.347948
21715112527,-0.980928,-0.137022
21715127511,-0.941476,-0.241373
21715140801,-0.902243,-0.347208
21715157489,-0.977639,-0.136166
21715185796,-0.900463,-0.350823
21715202561,-0.973015,-0.142816
21715217510,-0.935642,-0.247287
21715262569,-0.932203,-0.249420
21715275798,-0.897185,-0.352152
21715292518,-0.930529,-0.248477
21715307544,-0.930056,-0.247696
21715320766,-0.896614,-0.344786
21715337531,-0.929278,-0.241228
21715352535,-0.927830,-0.239551
21715365793,-0.887675,-0.336210
21715398572,-0.922622,-0.235164
21715410720,-0.879726,-0.334311
21715427544,-0.917204,-0.236327
21715442510,-0.873587,-0.338801
21715472534,-0.868861,-0.342279
21715487529,-0.905813,-0.248716
21715500722,-0.861782,-0.347156
21715546810,-0.853047,-0.351187
21715577503,-0.899866,-0.225886
21715590688,-0.846750,-0.355338
21715622507,-0.900916,-0.207085
21715635720,-0.843968,-0.355897
21715667509,-0.892727,-0.204094
21715698565,-0.909969,-0.055934
21715725728,-0.810675,-0.346212
21715742507,-0.833672,-0.061389
21715770727,-0.743810,-0.326293
21715787539,-0.783627,-0.067399
21715815738,-0.700157,-0.310730
21715848611,-0.712850,-0.189996
21715860799,-0.671803,-0.303228
21715877530,-0.695325,-0.187412
21715892556,-0.687824,-0.185628
21715905802,-0.643947,-0.296713
21715922515,-0.683374,-0.183946
21715937476,-0.694468,-0.182791
21715950765,-0.657607,-0.297372
21715967486,-0.731899,-0.180880
21716012460,-0.764930,-0.178569
21716027497,-0.774217,-0.179211
21716040828,-0.732460,-0.296955
21716072387,-0.793305,-0.184191
21716085762,-0.751382,-0.302199
21716102395,-0.757264,-0.305157
21716117383,-0.762432,-0.307168
21716148471,-0.815800,-0.192255
21716175745,-0.773964,-0.311314
21716192375,-0.823921,-0.193057
21716220768,-0.778132,-0.314425
21716237412,-0.829135,-0.194845
21716252453,-0.829380,-0.198820
21716265746,-0.780601,-0.316965
21716298467,-0.831011,-0.203331
21716310670,-0.782129,-0.319544
21716327523,-0.832433,-0.207506
21716342449,-0.833669,-0.209256
21716355815,-0.785383,-0.321702
21716372493,-0.786445,-0.322696
21716387462,-0.787009,-0.323898
21716400773,-0.787470,-0.324878
21716417519,-0.827482,-0.211761
21716446773,-0.776891,-0.327184
21716462539,-0.819353,-0.213001
21716477533,-0.814507,-0.215244
21716490791,-0.763665,-0.330190
21716507517,-0.807976,-0.218799
21716522495,-0.805016,-0.221820
21716535705,-0.750159,-0.331942
21716552482,-0.796681,-0.225796
21716567415,-0.792830,-0.227199
21716598544,-0.787986,-0.228531
21716625784,-0.729508,-0.334957
21716642469,-0.796253,-0.219396
21716657537,-0.829662,-0.219728
21716670728,-0.795306,-0.337018
21716687469,-0.884139,-0.218335
21716702559,-0.905001,-0.219193
21716715709,-0.919946,-0.219900
21716748525,-0.949137,-0.221390
21716760715,-0.897993,-0.342190
21716777444,-1.030956,-0.101389
21716792399,-0.976717,-0.222678
21716805649,-0.918557,-0.346643
21716822386,-1.047680,-0.108102
21716837391,-0.987258,-0.235519
21716850662,-0.923863,-0.359006
21716896804,-0.930836,-0.361477
21716940741,-1.003931,-0.245936
21716985732,-0.953703,-0.357373
21717002479,-0.997250,-0.251021
21717017446,-0.990328,-0.249447
21717048521,-0.972605,-0.261156
21717062508,-0.967514,-0.263466
21717075721,-0.921264,-0.357682
21717092481,-0.954625,-0.261055
21717107534,-0.949179,-0.260210
21717120793,-0.896872,-0.359771
21717137422,-0.939089,-0.259959
21717152457,-0.935271,-0.259156
21717165782,-0.882161,-0.361028
21717346805,-0.877196,-0.358389
21717362489,-0.936801,-0.255296
21717390650,-0.878973,-0.357641
21717422481,-0.941829,-0.245883
21717435649,-0.880579,-0.363524
21717452520,-0.942756,-0.245216
21717467468,-0.943038,-0.245452
21717498567,-0.943574,-0.246997
21717512465,-0.943620,-0.248185
21717525645,-0.883160,-0.372791
21717542461,-0.942959,-0.250760
21717557427,-0.942769,-0.251619
21717570636,-0.942518,-0.251889
21717587454,-0.942156,-0.251940
21717602533,-0.942010,-0.251972
21717615646,-0.880815,-0.378777
21717648554,-0.942712,-0.252693
21717660634,-0.882355,-0.380750
21717677473,-0.942906,-0.253027
21717705598,-0.884628,-0.379562
21717722438,-0.944680,-0.248487
21717750613,-0.888092,-0.379213
21717767509,-0.948208,-0.245654
21717812468,-0.947480,-0.244501
21717840704,-0.891003,-0.383275
21717857468,-0.945100,-0.247094
21717872493,-0.943707,-0.249715
21717885657,-0.885734,-0.391727
21717902468,-0.941653,-0.253342
21717917500,-0.941699,-0.252943
21717948591,-0.941781,-0.251934
21717962495,-0.940987,-0.252828
21717975663,-0.882687,-0.394090
21717992461,-0.939043,-0.254132
21718007466,-0.938064,-0.255257
21718020657,-0.878808,-0.396375
21718037496,-0.936779,-0.255370
21718052466,-0.936516,-0.254768
21718065680,-0.876465,-0.397774
21718262427,-0.981710,-0.155484
21718277461,-0.934094,-0.249383
21718307494,-0.931532,-0.224035
21718322419,-0.933606,-0.220910
21718352499,-0.936806,-0.215247
21718367457,-0.937538,-0.216286
21718398527,-0.938632,-0.220551
21718412518,-0.939342,-0.221974
21718425700,-0.885883,-0.374773
21718442522,-0.880802,-0.373325
21718457446,-0.935838,-0.224410
21718487449,-0.934560,-0.228611
21718502486,-0.934135,-0.230505
21718515734,-0.872833,-0.372162
21718548569,-0.923680,-0.229217
21718560665,-0.857949,-0.364233
21718577463,-0.880618,-0.216444
21718592479,-0.857924,-0.211229
21718605657,-0.783098,-0.348744
21718622458,-0.824145,-0.200922
21718637401,-0.873895,-0.057615
21718650666,-0.742737,-0.330567
21718667366,-0.794716,-0.189010
21718696808,-0.717278,-0.317932
21718712476,-0.773740,-0.181485
21718740745,-0.702692,-0.301901
21718772453,-0.700568,-0.286037
21718785734,-0.697897,-0.283276
21718802487,-0.751035,-0.157600
21718817477,-0.747751,-0.156328
21718848542,-0.743245,-0.155549
21718862491,-0.741171,-0.154310
21718875754,-0.739459,-0.153343
21718892488,-0.737867,-0.152826
21718907484,-0.735333,-0.152661
21718920741,-0.679807,-0.267401
21718937442,-0.729768,-0.147607
21718952460,-0.778732,-0.033083
21718965738,-0.674680,-0.250077
21718998568,-0.772160,-0.026365
21719010752,-0.720174,-0.133282
21719027482,-0.718957,-0.131490
21719042465,-0.718231,-0.130696
21719055734,-0.717516,-0.129770
21719072439,-0.715973,-0.127824
21719087445,-0.714936,-0.124703
21719100803,-0.713796,-0.122243
21719146900,-0.711515,-0.116027
21719162451,-0.686538,-0.119611
21719190795,-0.631416,-0.129293
21719235822,-0.580301,-0.137089
21719252476,-0.512016,-0.260747
21719298546,-0.534536,-0.147181
21719312472,-0.473939,-0.268404
21719325742,-0.520478,-0.148143
21719342481,-0.514365,-0.147692
21719357476,-0.458020,-0.269628
21719370720,-0.506027,-0.149743
21719387481,-0.501952,-0.150147
21719402479,-0.498226,-0.149588
21719415699,-0.494461,-0.149884
21719448569,-0.491882,-0.151899
21719460745,-0.438085,-0.267448
21719477526,-0.495321,-0.153626
21719492445,-0.497266,-0.155332
21719505773,-0.450669,-0.257108
21719522472,-0.503239,-0.153412
21719537440,-0.506029,-0.152538
21719550733,-0.462457,-0.243107
21719567441,-0.508591,-0.150462
21719596852,-0.469619,-0.234173
21719612446,-0.512573,-0.149426
21719627459,-0.513645,-0.148736
21719640782,-0.472268,-0.232186
21719657432,-0.515126,-0.146259
21719672446,-0.515723,-0.145622
21719685752,-0.478360,-0.223799
21719702457,-0.518083,-0.142912
21719717485,-0.519434,-0.141654
21719748586,-0.520462,-0.140395
21719775747,-0.485747,-0.219825
21719792438,-0.525089,-0.144060
21719820774,-0.544090,-0.142908
21719837464,-0.556820,-0.142301
21719852440,-0.566033,-0.139452
21719865797,-0.532160,-0.218490
21719898561,-0.584949,-0.135406
21719910798,-0.589830,-0.134923
21719927463,-0.592233,-0.143224
21719942481,-0.593997,-0.148921
21719955818,-0.556657,-0.219315
21719972435,-0.597836,-0.156795
21719987476,-0.601773,-0.157525
21720000796,-0.564483,-0.221289
21720017470,-0.604322,-0.173580
21720062464,-0.570368,-0.233014
21720107436,-0.573995,-0.237995
21720122465,-0.575647,-0.240608
21720135781,-0.576905,-0.242875
21720152424,-0.578883,-0.244606
21720167434,-0.580618,-0.245576
21720198453,-0.624133,-0.171724
21720225756,-0.585614,-0.251429
21720242485,-0.629792,-0.172076
21720270701,-0.590280,-0.251201
21720287430,-0.635771,-0.169386
21720302430,-0.636791,-0.168415
21720315705,-0.636949,-0.167662
21720348543,-0.638490,-0.166036
21720360736,-0.597825,-0.249501
21720377457,-0.645487,-0.166132
21720392488,-0.672185,-0.163816
21720422470,-0.720482,-0.149673
21720437455,-0.741839,-0.140620
21720450708,-0.688574,-0.253026
21720467451,-0.785720,-0.130546
21720512421,-0.748222,-0.256552
21720527425,-0.906022,-0.016484
21720540944,-0.763488,-0.256293
21720557467,-0.837391,-0.146597
21720572425,-0.838869,-0.153493
21720585858,-0.772591,-0.280663
21720617403,-0.776676,-0.297181
21720648534,-0.858305,-0.183789
21720675662,-0.808569,-0.319392
21720707491,-0.897921,-0.194384
21720720696,-0.836585,-0.327332
21720737450,-0.909491,-0.196751
21720752447,-0.913974,-0.198961
21720765663,-0.854646,-0.332839
21720798525,-0.925184,-0.205584
21720810688,-0.868243,-0.337724
21720827463,-0.986517,-0.080982
21720842456,-0.930889,-0.211527
21720855667,-0.876030,-0.339676
21720872412,-0.991319,-0.090671
21720887444,-0.937082,-0.216602
21720900700,-0.883048,-0.342070
21720917443,-0.994426,-0.092808
21720946734,-0.887204,-0.346445
21720962445,-0.943756,-0.218261
21720977416,-0.944239,-0.218128
21720990607,-0.888707,-0.348829
21721007431,-1.003383,-0.082716
21721202478,-0.930097,-0.247284
21721215684,-0.874397,-0.390587
21721248501,-0.928922,-0.217418
21721260662,-0.869666,-0.384259
21721277457,-0.926051,-0.212339
21721292422,-0.925121,-0.209672
21721305655,-0.861385,-0.378425
21721322450,-0.923176,-0.207006
21721337400,-0.923039,-0.205531
21721350651,-0.861351,-0.364391
21721367449,-0.922099,-0.206709
21721396755,-0.862881,-0.349504
21721412415,-0.921486,-0.204740
21721427448,-0.921916,-0.203885
21721440665,-0.865692,-0.342318
21721457414,-0.920895,-0.202588
21721472445,-0.920021,-0.202197
21721485676,-0.864037,-0.334800
21721502358,-0.919698,-0.201454
21721517374,-0.919703,-0.201616
21721548520,-0.970569,-0.069374
21721575638,-0.867627,-0.330344
21721592433,-0.919188,-0.197449
21721620679,-0.865663,-0.334481
21721637442,-0.865196,-0.335352
21721652410,-0.915725,-0.210924
21721665649,-0.863732,-0.335766
21721698484,-0.913550,-0.212767
21721710666,-0.861243,-0.331942
21721727408,-0.912517,-0.210263
21721742456,-0.911284,-0.206872
21721755647,-0.861297,-0.315908
21721772408,-0.908850,-0.106633
21721787439,-0.905915,-0.032448
21721800678,-0.854738,-0.121616
21721817426,-0.900178,0.081237
21721846720,-0.842610,0.005188
21721862416,-0.888146,0.170236
21721877421,-0.882544,0.187018
21721907406,-0.871984,0.207388
21721922419,-0.868237,0.217567
21721952386,-0.921703,0.375877
21721967483,-0.862792,0.243748
21721998526,-0.919684,0.404524
21722025638,-0.800737,0.139605
21722057390,-0.848393,0.273332
21722222421,-0.591188,0.142330
21722237454,-0.572312,0.137799
21722250497,-0.522067,0.028020
21722267455,-0.508083,0.030400
21722296638,-0.489928,0.030196
21722312422,-0.525714,0.134104
21722327404,-0.519044,0.139041
21722340588,-0.470624,0.043907
21722357399,-0.466912,0.050457
21722385594,-0.461132,0.060373
21722402434,-0.502488,0.155410
21722417467,-0.500046,0.156941
21722448481,-0.495458,0.160358
21722475766,-0.492291,0.161278
21722492390,-0.443220,0.082295
21722507389,-0.488747,0.163409
21722520770,-0.440205,0.084145
21722537392,-0.484892,0.163092
21722552414,-0.483246,0.163730
21722565757,-0.481774,0.165075
21722598502,-0.478891,0.169739
21722610688,-0.478359,0.170987
21722627430,-0.475950,0.173514
21722642426,-0.475158,0.172446
21722655679,-0.439594,0.088272
21722672447,-0.473514,0.172306
21722687387,-0.472413,0.172788
21722700673,-0.436032,0.084357
21722717384,-0.469975,0.174513
21722746787,-0.503194,0.265456
21722762413,-0.467786,0.177818
21722777378,-0.466805,0.180011
21722790742,-0.431384,0.095490
21722807388,-0.461728,0.186196
21722822423,-0.444786,0.190623
21722835705,-0.382719,0.106463
21722852360,-0.382559,0.216308
21722867322,-0.388537,0.325683
21722898462,-0.316867,0.248018
21722925748,-0.264916,0.171025
21722942473,-0.251107,0.181351
21722970745,-0.254612,0.296379
21722987425,-0.246391,0.314967
21723015727,-0.209373,0.256044
21723048492,-0.225257,0.322338
21723227384,-0.910067,0.112696
21723240837,-0.701254,-0.183212
21723257387,-0.850464,-0.072397
21723272371,-0.869092,-0.097005
21723285855,-0.883076,-0.113734
21723302381,-0.889629,-0.151837
21723317343,-0.892479,-0.182934
21723348468,-0.892362,-0.234496
21723362421,-0.893260,-0.249042
21723375707,-0.892264,-0.260949
21723392379,-0.939090,-0.213463
21723420741,-0.931631,-0.233530
21723437418,-0.841915,-0.345633
21723452393,-0.921778,-0.248661
21723498484,-0.913848,-0.261083
21723527377,-0.929051,-0.215942
21723542416,-0.901964,-0.258911
21723587408,-0.948485,-0.150814
21723617364,-0.957766,-0.115853
21723646747,-0.883076,-0.304386
21723662404,-0.962345,-0.107183
21723677375,-0.925514,-0.200303
21723690652,-0.885093,-0.303697
21723707383,-0.973765,-0.098107
21723722409,-0.979078,-0.093166
21723735636,-0.893196,-0.289855
21723767369,-0.987578,-0.085853
21723798450,-0.993849,-0.081518
21723812373,-0.950787,-0.184653
21723825686,-0.904812,-0.294752
21723842315,-1.001612,-0.067820
21723857371,-0.953302,-0.188405
21723870686,-0.904640,-0.305292
21723887370,-1.003820,-0.076628
21723915684,-0.904197,-0.302357
21723960731,-0.906466,-0.304769
21723977390,-0.996512,-0.072970
21723992390,-0.953419,-0.190173
21724005676,-0.912025,-0.307032
21724022403,-0.988861,-0.076836
21724037394,-0.949049,-0.191626
21724050672,-0.912452,-0.307194
21724067402,-0.980647,-0.076680
21724096779,-0.913020,-0.309787
21724112368,-0.979370,-0.074116
21724127395,-0.946372,-0.192212
21724140628,-0.912124,-0.311078
21724157396,-0.982051,-0.072582
21724172371,-0.946277,-0.196266
21724185677,-0.910952,-0.316135
21724217385,-0.935168,-0.202822
21724248452,-0.940001,-0.099587
21724262368,-0.904790,-0.200555
21724275713,-0.915026,-0.099839
21724292357,-0.900874,-0.099632
21724320717,-0.866368,-0.203454
21724337446,-0.854443,-0.206417
21724365685,-0.837954,-0.211548
21724410668,-0.820309,-0.215906
21724427396,-0.815624,-0.215552
21724442399,-0.811766,-0.214532
21724455657,-0.808690,-0.213709
21724472386,-0.805761,-0.212281
21724487398,-0.803185,-0.213296
21724500706,-0.800805,-0.214204
21724517398,-0.797834,-0.216432
21724562389,-0.791010,-0.218518
21724577383,-0.789144,-0.216751
21724590663,-0.752417,-0.297237
21724607384,-0.784604,-0.216250
21724622388,-0.782287,-0.217669
21724635678,-0.780388,-0.218750
21724652295,-0.778176,-0.218327
21724667409,-0.776626,-0.218116
21724698436,-0.779797,-0.219344
21724712385,-0.784588,-0.226136
21724742395,-0.835083,-0.219910
21724770656,-0.833009,-0.309325
21724787389,-0.887223,-0.216292
21724815705,-0.869129,-0.314728
21724860666,-0.892034,-0.319455
21724892427,-0.945389,-0.204053
21724922399,-0.999083,-0.076849
21724937397,-0.957895,-0.200926
21724950679,-0.912516,-0.329055
21724967383,-1.009904,-0.070783
21725012376,-1.017720,-0.066072
21725027380,-0.966946,-0.203728
21725040626,-0.918456,-0.338667
21725057371,-1.017022,-0.083052
21725072369,-0.969021,-0.215777
21725085606,-0.921247,-0.348625
21725117390,-0.968357,-0.228285
21725148468,-0.966944,-0.232093
21725162391,-0.966541,-0.231784
21725175527,-0.919818,-0.354609
21725192344,-0.963823,-0.234811
21725207367,-0.963052,-0.236284
21725220602,-0.915695,-0.355967
21725237354,-0.960688,-0.238392
21725265522,-0.910558,-0.358126
21725310542,-0.905453,-0.357371
21725342377,-0.953254,-0.263195
21725355553,-0.905843,-0.373681
21725372378,-0.949651,-0.276360
21725387382,-0.947963,-0.280824
21725400531,-0.946363,-0.288037
21725417368,-0.944869,-0.295545
21725446600,-0.941467,-0.309097
21725462372,-0.938809,-0.315837
21725477368,-0.936763,-0.320557
21725490523,-0.899044,-0.412046
21725507378,-0.934782,-0.328579
21725522373,-0.933497,-0.332553
21725535508,-0.898022,-0.417224
21725552357,-0.930955,-0.338850
21725567371,-0.929996,-0.341123
21725598452,-0.929263,-0.326040
21725612353,-0.926333,-0.318698
21725625534,-0.889540,-0.420536
21725642356,-0.918239,-0.307491
21725670546,-0.872549,-0.418184
21725687417,-0.911038,-0.291024
21725715534,-0.907494,-0.287290
21725760574,-0.859392,-0.411739
21725777361,-0.884295,-0.299480
21725792373,-0.878334,-0.303065
21725805529,-0.877915,-0.305666
21725822375,-0.877433,-0.308265
21725837369,-0.876922,-0.310289
21725850520,-0.875808,-0.307373
21725867375,-0.874477,-0.303301
21725896615,-0.872051,-0.301355
21725912357,-0.871203,-0.300976
21725927361,-0.871586,-0.300010
21725940550,-0.836743,-0.408153
21725957327,-0.904183,-0.180782
21725972339,-0.867082,-0.292598
21725985583,-0.832673,-0.405833
21726002340,-0.895247,-0.176725
21726017341,-0.864401,-0.287976
21726048418,-0.865754,-0.283455
21726062361,-0.866775,-0.280208
21726075544,-0.828024,-0.404080
21726092346,-0.904974,-0.149715
21726107317,-0.864269,-0.273937
21726120607,-0.822079,-0.400749
21726137309,-0.865139,-0.266758
21726165571,-0.817060,-0.393712
21726210570,-0.813686,-0.391935
21726242360,-0.854582,-0.256851
21726272357,-0.849651,-0.251376
21726287329,-0.847533,-0.250127
21726300611,-0.794293,-0.381214
21726317362,-0.844123,-0.250385
21726422368,-0.771220,-0.379477
21726452344,-0.885253,-0.128825
21726467373,-0.887004,-0.118810
21726512324,-0.885918,-0.126885
21726525583,-0.778753,-0.371485
21726542332,-0.832329,-0.253041
21726557339,-0.832883,-0.250555
21726570599,-0.777382,-0.370199
21726587318,-0.831360,-0.250191
21726602330,-0.884957,-0.131973
21726660660,-0.881365,-0.137844
21726677358,-0.825655,-0.252199
21726705628,-0.878635,-0.135814
21726722359,-0.823279,-0.247955
21726737353,-0.822975,-0.246360
21726750637,-0.878312,-0.133561
21726767360,-0.822533,-0.243633
21726796733,-0.877283,-0.131341
21726812323,-0.820324,-0.240010
21726827362,-0.818832,-0.239774
21726840649,-0.871860,-0.133858
21726857324,-0.816526,-0.240404
21726872338,-0.814291,-0.242214
21726885637,-0.756732,-0.348344
21726902348,-0.806848,-0.247873
21726917320,-0.802672,-0.248533
21726948442,-0.796075,-0.249502
21726962359,-0.792748,-0.248888
21726975572,-0.739213,-0.356231
21726992308,-0.787536,-0.246451
21727007319,-0.785197,-0.245246
21727020637,-0.732236,-0.359979
21727037317,-0.780973,-0.245853
21727065640,-0.727144,-0.365142
21727110623,-0.722695,-0.360379
21727127318,-0.775614,-0.238540
21727142388,-0.775443,-0.237011
21727155633,-0.722401,-0.355587
21727172325,-0.773832,-0.235773
21727187317,-0.824880,-0.116138
21727200666,-0.773078,-0.233955
21727217370,-0.729385,-0.349712
21727262342,-0.742859,-0.345722
21727277347,-0.845895,-0.120811
21727290640,-0.735459,-0.330452
21727307349,-0.734032,-0.321801
21727352340,-0.741945,-0.310094
21727367346,-0.772401,-0.309813
21727398398,-0.817067,-0.308280
21727425691,-0.849593,-0.303628
21727442332,-0.866519,-0.301458
21727457315,-0.928763,-0.181575
21727470628,-0.928444,-0.201780
21727487318,-0.937715,-0.199240
21727502312,-0.903632,-0.296676
21727515605,-0.908910,-0.296571
21727560660,-0.961537,-0.190186
21727577391,-0.921156,-0.298526
21727605682,-0.921755,-0.304609
21727622340,-0.922029,-0.308534
21727650621,-0.920159,-0.315753
21727667345,-0.919036,-0.319755
21727696589,-0.958164,-0.214191
21727712343,-0.916643,-0.327692
21727727339,-0.954294,-0.228822
21727740519,-0.912598,-0.337133
21727757303,-0.907789,-0.342525
21727772308,-0.945780,-0.246273
21727785457,-0.903192,-0.350335
21727802310,-0.944807,-0.252670
21727817328,-0.947361,-0.251221
21727848414,-0.950443,-0.247010
21727862351,-1.005902,-0.120651
21727875552,-0.895083,-0.368430
21727892353,-0.953326,-0.241620
21727907309,-0.954579,-0.239863
21727920556,-0.954309,-0.244709
21727937302,-0.953460,-0.250138
21727952312,-1.015548,-0.130284
21727965543,-0.950973,-0.256680
21728010539,-0.884821,-0.381579
21728027412,-0.946128,-0.263529
21728055567,-0.944037,-0.264949
21728087345,-0.943408,-0.265779
21728100573,-0.942114,-0.268381
21728117302,-0.940749,-0.271864
21728146586,-0.882136,-0.389155
21728162331,-0.938279,-0.277472
21728177346,-0.937360,-0.277199
21728207332,-0.931265,-0.276735
21728222330,-0.925666,-0.276619
21728235503,-0.913742,-0.270407
21728252309,-0.890661,-0.256021
21728267342,-0.819275,-0.352368
21728298383,-0.848951,-0.228077
21728312289,-0.838380,-0.218865
21728325566,-0.882923,-0.100544
21728342334,-0.821770,-0.193542
21728370543,-0.860722,-0.067081
21728387361,-0.800378,-0.169097
21728415664,-0.722988,-0.249794
21728460619,-0.652696,-0.169986
21728477323,-0.653586,-0.015215
21728492295,-0.611866,0.025754
21728505576,-0.538916,-0.050391
21728522262,-0.551808,0.110528
21728537242,-0.565110,0.233252
21728550532,-0.482964,0.090607
21728567240,-0.495775,0.189266
21728596698,-0.440264,0.124876
21728612228,-0.459162,0.225105
21728627247,-0.448338,0.234141
21728640611,-0.412042,0.147363
21728657281,-0.432714,0.248354
21728672221,-0.426302,0.255324
21728685667,-0.388173,0.169481
21728702315,-0.415755,0.266458
21728717262,-0.411873,0.270371
21728748346,-0.398967,0.280883
21728775659,-0.333875,0.196591
21728792305,-0.354980,0.303109
21728820641,-0.302505,0.219320
21728837314,-0.327557,0.317076
21728852291,-0.353464,0.413243
21728865557,-0.283565,0.229899
21728898386,-0.303962,0.321098
21728910605,-0.266627,0.231833
21728927289,-0.295423,0.319635
21728942323,-0.291787,0.320056
21728955656,-0.254562,0.231086
21728972289,-0.286382,0.318755
21728987328,-0.283896,0.317234
21729000640,-0.247703,0.225426
21729017331,-0.280044,0.319167
21729046610,-0.258062,0.263111
21729062288,-0.265225,0.283354
21729077295,-0.301343,0.379469
21729090602,-0.277426,0.306226
21729107291,-0.311281,0.402751
21729122274,-0.314734,0.412037
21729135655,-0.289501,0.335641
21729152182,-0.320962,0.426970
21729167282,-0.324375,0.435510
21729198380,-0.330160,0.450193
21729225614,-0.308853,0.376382
21729257279,-0.337835,0.461276
21729270647,-0.315722,0.383949
21729287209,-0.342054,0.469243
21729302286,-0.344412,0.473789
21729348368,-0.354320,0.487730
21729360675,-0.334294,0.424285
21729377279,-0.345798,0.431023
21729392286,-0.373794,0.498148
21729405630,-0.361604,0.434460
21729422320,-0.388996,0.498695
21729437280,-0.395306,0.498709
21729450623,-0.382397,0.440469
21729467334,-0.388604,0.443075
21729496718,-0.397520,0.445761
21729512274,-0.415808,0.496261
21729527279,-0.419490,0.493568
21729540667,-0.407031,0.441560
21729557206,-0.423303,0.485226
21729572285,-0.424904,0.481743
21729585633,-0.411378,0.434056
21729602288,-0.428032,0.476297
21729617190,-0.428705,0.474135
21729648379,-0.428820,0.469504
21729675558,-0.413654,0.419688
21729707312,-0.431221,0.462865
21729720579,-0.413025,0.414954
21729737326,-0.432169,0.462207
21729752241,-0.432258,0.461725
21729765593,-0.433127,0.462007
21729798359,-0.435608,0.459128
21729810544,-0.416027,0.395115
21729827333,-0.453813,0.503734
21729842329,-0.417820,0.393651
21729855567,-0.429463,0.501238
21729872178,-0.369778,0.493661
21729900533,-0.324236,0.431968
21729917261,-0.313605,0.481825
21729946716,-0.235441,0.365870
21729962273,-0.231175,0.415336
21729990579,-0.193655,0.406085
21730007333,-0.172649,0.398042
21730035558,-0.154178,0.389929
21730052317,-0.145388,0.387263
21730067307,-0.157224,0.439565
21730098292,-0.124085,0.382168
21730125603,-0.114951,0.376929
21730142235,-0.113508,0.371154
21730157240,-0.112097,0.365525
21730170609,-0.132162,0.334009
21730187229,-0.209963,0.232995
21730202241,-0.316875,0.129908
21730215538,-0.369630,0.000246
21730248355,-0.516942,-0.064472
21730260462,-0.558847,-0.101301
21730277267,-0.602646,-0.153782
21730292277,-0.635597,-0.191572
21730305511,-0.663041,-0.212931
21730322327,-0.686822,-0.234050
21730337264,-0.701573,-0.250052
21730367296,-0.713915,-0.278479
21730412242,-0.740537,-0.296737
21730427291,-0.749401,-0.301754
21730457194,-0.762849,-0.310023
21730472258,-0.766421,-0.311387
21730485569,-0.743860,-0.381665
21730502256,-0.775293,-0.319528
21730517174,-0.776900,-0.326111
21730548346,-0.782029,-0.330790
21730562300,-0.786877,-0.330219
21730575694,-0.753190,-0.409969
21730710638,-0.754370,-0.384121
21730727282,-0.752061,-0.382609
21730742276,-0.753759,-0.377809
21730755749,-0.758918,-0.372813
21730772260,-0.740607,-0.406219
21730787311,-0.740342,-0.411788
21730800703,-0.739917,-0.417338
21730817257,-0.778752,-0.352861
21730846827,-0.758711,-0.396566
21730877287,-0.739466,-0.439947
21730890699,-0.739082,-0.441179
21730907289,-0.780861,-0.359110
21730922270,-0.766903,-0.399916
21730935708,-0.767778,-0.401206
21730952265,-0.784545,-0.353354
21730967197,-0.767622,-0.404503
21730998272,-0.780463,-0.350963
21731025726,-0.768803,-0.407031
21731070686,-0.768162,-0.412627
21731087256,-0.776307,-0.351992
21731102258,-0.767995,-0.418589
21731115729,-0.768062,-0.420694
21731148371,-0.765343,-0.427622
21731160756,-0.772621,-0.365174
21731177281,-0.767018,-0.372909
21731192278,-0.763091,-0.377525
21731205698,-0.780017,-0.366778
21731222255,-0.802748,-0.346350
21731237281,-0.822185,-0.322806
21731250717,-0.840417,-0.296786
21731267263,-0.859691,-0.269102
21731297206,-0.886289,-0.229015
21731312269,-0.898148,-0.211396
21731327257,-0.909951,-0.197756
21731341149,-0.919996,-0.187697
21731357281,-0.929811,-0.177142
21731372251,-0.938860,-0.164187
21731386079,-0.946502,-0.153628
21731402276,-0.954315,-0.142177
21731417241,-0.957169,-0.137287
21731462269,-0.965281,-0.124450
21731476161,-0.967291,-0.120717
21731492246,-0.969323,-0.118270
21731521176,-0.973007,-0.111830
21731552270,-0.979420,-0.102326
21731566138,-0.982067,-0.098656
21731598326,-0.988041,-0.091687
21731611138,-0.990207,-0.089169
21731627274,-0.992334,-0.085759
21731642284,-0.994361,-0.079895
21731656130,-0.995787,-0.076040
21731672268,-0.998395,-0.074701
21731898316,-1.049673,-0.020766
21731926118,-1.054166,-0.008441
21731942321,-1.057200,-0.003654
21731971088,-1.057548,-0.007018
21731987293,-1.056780,-0.007450
21732002272,-1.056034,-0.009203
21732016108,-1.055401,-0.010683
21732048352,-1.048283,-0.025888
21732060950,-1.046602,-0.031320
21732077273,-1.043916,-0.037721
21732092238,-1.043554,-0.036663
21732105979,-1.040844,-0.037979
21732257235,-1.022567,-0.053394
21732272269,-1.015873,-0.057308
21732285931,-0.918341,-0.200719
21732302249,-1.007341,-0.054285
21732317234,-0.914090,-0.197665
21732348247,-0.995469,-0.048017
21732362215,-0.910173,-0.128206
21732375857,-0.830451,-0.178013
21732392151,-0.994400,0.205213
21732420905,-0.995187,0.342172
21732437229,-0.995340,0.392744
21732465869,-0.997653,0.455882
21732510834,-0.999019,0.509330
21732527252,-0.998598,0.520671
21732542265,-0.931191,0.293378
21732555808,-0.931590,0.304428
21732572232,-0.994710,0.542490
21732587263,-0.932640,0.328633
21732600843,-0.994543,0.558642
21732617251,-0.930810,0.338463
21732646916,-0.926359,0.340081
21732662242,-0.924542,0.344218
21732677224,-0.922916,0.347573
21732690738,-0.922475,0.350990
21732707263,-0.922916,0.352676
21732722266,-0.922812,0.354329
21732735847,-0.921797,0.355590
21732752223,-0.912559,0.293064
21732767266,-0.906920,0.208623
21732798334,-0.891744,0.091129
21732812225,-0.886084,0.049505
21732825787,-0.882327,0.013572
21732842228,-0.877442,-0.022531
21732870680,-0.868870,-0.071742
21732887177,-0.867441,-0.090452
21732915690,-0.864983,-0.114053
21732948360,-0.864161,-0.130266
21732960791,-0.863921,-0.135674
21732977213,-0.862940,-0.141387
21732992192,-0.862415,-0.146367
21733005829,-0.862457,-0.150141
21733022261,-0.862996,-0.153666
21733037226,-0.864749,-0.157469
21733050787,-0.869750,-0.164108
21733067257,-0.875695,-0.173371
21733096923,-0.941823,-0.074294
21733112251,-0.885652,-0.193670
21733127221,-0.887006,-0.200369
21733140843,-0.945869,-0.101264
21733157221,-0.887377,-0.217524
21733172234,-0.887135,-0.226501
21733185862,-0.942531,-0.132626
21733202242,-0.887171,-0.240260
21733217205,-0.888518,-0.245631
21733248315,-0.892721,-0.251801
21733275710,-0.895988,-0.255151
21733292260,-0.899141,-0.253565
21733320747,-0.902235,-0.251247
21733337239,-0.902620,-0.251116
21733352241,-0.902707,-0.250383
21733365712,-0.902751,-0.252698
21733398323,-0.906853,-0.252069
21733410742,-0.908394,-0.251796
21733442247,-0.910984,-0.252889
21733455729,-0.912307,-0.253171
21733487264,-0.911481,-0.264728
21733500745,-0.910664,-0.271479
21733546836,-0.913529,-0.280368
21733562254,-0.904990,-0.263038
21733577211,-0.894638,-0.185396
21733590779,-0.882783,-0.136115
21733607191,-0.874703,-0.070576
21733622215,-0.867775,-0.020890
21733635783,-0.860727,0.004424
21733652189,-0.853919,0.029954
21733667312,-0.847573,0.051251
21733698318,-0.837989,0.082353
21733725761,-0.832708,0.110389
21733757209,-0.834011,0.105233
21733770760,-0.877252,0.184402
21733787244,-0.848781,0.047412
21733802246,-0.856769,0.026005
21733815773,-0.907526,0.116150
21733848292,-0.868625,-0.043346
21733860803,-0.913477,0.028566
21733877207,-0.871738,-0.082780
21733892217,-0.872547,-0.102275
21733905813,-0.872752,-0.117464
21733922249,-0.873379,-0.133005
21733937184,-0.874248,-0.143595
21733950780,-0.925662,-0.063799
21733967207,-0.876696,-0.160042
21733996856,-0.882556,-0.170442
21734012216,-0.887746,-0.178772
21734027210,-0.894656,-0.189207
21734040839,-0.900310,-0.196089
21734057196,-0.954996,-0.102138
21734072200,-0.913117,-0.207435
21734085801,-0.918336,-0.210963
21734102208,-0.922100,-0.218818
21734117206,-0.872384,-0.321694
21734237239,-0.944253,-0.296396
21734252204,-0.949445,-0.297079
21734265810,-1.007227,-0.238195
21734298273,-0.953268,-0.319526
21734310749,-0.953716,-0.323988
21734327211,-0.953684,-0.322826
21734342290,-0.953563,-0.322522
21734355778,-0.953492,-0.322308
21734372205,-0.956042,-0.316103
21734387229,-0.958230,-0.310597
21734400735,-0.958074,-0.309659
21734417189,-0.958195,-0.308616
21734446837,-1.011421,-0.233564
21734462205,-0.958336,-0.306865
21734477230,-0.960111,-0.305929
21734490715,-0.960681,-0.303864
21734507231,-0.961545,-0.303395
21734522171,-0.960993,-0.305335
21734535738,-1.017580,-0.231608
21734552137,-0.958681,-0.300656
21734567131,-0.958619,-0.300004
21734598296,-0.956599,-0.297563
21734625762,-1.016045,-0.223490
21734642211,-0.954330,-0.289085
21734670754,-0.955380,-0.284819
21734687194,-1.019954,-0.204885
21734702212,-0.957339,-0.282434
21734715730,-0.956478,-0.282658
21734748329,-0.954285,-0.282495
21734760800,-0.954341,-0.281657
21734777232,-1.017305,-0.192987
21734792208,-0.958824,-0.278684
21734805762,-0.960528,-0.276904
21734822225,-1.016127,-0.179022
21734837244,-0.954931,-0.275693
21734850762,-0.949305,-0.276591
21734867230,-1.000018,-0.174104
21734896811,-0.931848,-0.274045
21734912190,-0.981756,-0.167209
21734927194,-0.924912,-0.269009
21734940803,-0.922458,-0.266076
21734957198,-0.920061,-0.263644
21734972193,-0.917817,-0.261100
21734985782,-0.916100,-0.258695
21735002208,-0.913775,-0.255005
21735017122,-0.911913,-0.253435
21735048323,-0.909083,-0.251658
21735075808,-0.907306,-0.249698
21735107219,-0.904829,-0.249412
21735120780,-0.903780,-0.248176
21735137190,-0.902061,-0.246650
21735152209,-0.900624,-0.244645
21735165819,-0.899480,-0.243125
21735198302,-0.895967,-0.244491
21735210764,-0.944119,-0.139172
21735227216,-0.894497,-0.244369
21735242223,-0.893599,-0.245492
21735255767,-0.945054,-0.144809
21735272214,-0.890966,-0.245831
21735287190,-0.889248,-0.245849
21735300766,-0.887134,-0.244716
21735317217,-0.878227,-0.245998
21735346843,-0.848850,-0.249604
21735362193,-0.836815,-0.251809
21735377184,-0.826160,-0.251885
21735390771,-0.818452,-0.251765
21735407190,-0.809371,-0.254583
21735422151,-0.801972,-0.258185
21735435781,-0.794492,-0.259946
21735452108,-0.787243,-0.261418
21735467300,-0.781262,-0.261937
21735498222,-0.771938,-0.260981
21735525725,-0.765699,-0.260752
21735557213,-0.759614,-0.261437
21735570733,-0.757216,-0.261716
21735587219,-0.752707,-0.260778
21735602222,-0.741394,-0.252538
21735615744,-0.710120,-0.223700
21735648292,-0.635185,-0.153667
21735660807,-0.567418,-0.088212
21735677213,-0.497356,-0.014354
21735692210,-0.446175,0.033760
21735705750,-0.409858,0.079590
21735722187,-0.378694,0.139044
21735737202,-0.352378,0.193028
21735750766,-0.333415,0.233911
21735767239,-0.312905,0.258149
21735796934,-0.287867,0.286961
21735812181,-0.276730,0.298758
21735827232,-0.267231,0.307179
21735840774,-0.259726,0.313781
21735857189,-0.252432,0.320032
21735872168,-0.246460,0.325963
21735885888,-0.241641,0.330604
21735902165,-0.236840,0.335274
21735917181,-0.231954,0.336578
21735948267,-0.224095,0.341431
21735975857,-0.218747,0.345899
21735992198,-0.216562,0.348946
21736020892,-0.213058,0.352267
21736037174,-0.211341,0.353177
21736052174,-0.209694,0.354450
21736065874,-0.208535,0.354925
21736098244,-0.206846,0.357842
21736110850,-0.206245,0.358875
21736127228,-0.205969,0.360096
21736142218,-0.205208,0.361471
21736155872,-0.204588,0.362330
21736172186,-0.204053,0.363182
21736187210,-0.203477,0.363403
21736200836,-0.202873,0.363523
21736217175,-0.201841,0.364722
21736246886,-0.200149,0.365032
21736262200,-0.199014,0.365825
21736277197,-0.197917,0.366735
21736290729,-0.197015,0.367485
21736307189,-0.195991,0.368221
21736322175,-0.195705,0.366677
21736335783,-0.195416,0.365802
21736352147,-0.194990,0.364458
21736367208,-0.193903,0.364005
21736398221,-0.188072,0.361474
21736425792,-0.143469,0.371459
21736442195,-0.123853,0.375508
21736470781,-0.096628,0.382032
21736487174,-0.084757,0.386126
21736502167,-0.074590,0.387465
21736515758,-0.066683,0.388266
21736548252,-0.051629,0.392051
21736560858,-0.046018,0.393672
21736577196,-0.039962,0.396873
21736592159,0.007771,0.297251
21736605827,-0.030695,0.400518
21736622198,-0.026778,0.401322
21736637192,-0.023657,0.402616
21736650813,-0.020588,0.403764
21736667191,0.025851,0.304970
21736696889,-0.014894,0.412132
21736712190,-0.013866,0.415077
21736727178,-0.013372,0.417008
21736740697,-0.013030,0.418438
21736757182,-0.011960,0.420153
21736772165,-0.010782,0.422009
21736785838,-0.009424,0.422512
21736802165,-0.008135,0.422588
21736817164,-0.006942,0.423023
21736848243,-0.004657,0.423723
21736862159,-0.003568,0.423225
21736875753,-0.003382,0.423713
21736892106,-0.009799,0.415555
21736920798,-0.077666,0.369718
21736937177,-0.130459,0.344438
21736965749,-0.193959,0.312279
21737010818,-0.257161,0.255256
21737042197,-0.288115,0.240808
21737055832,-0.299079,0.234992
21737087186,-0.317743,0.220697
21737100846,-0.324722,0.213981
21737117186,-0.289930,0.108984
21737146836,-0.296113,0.095200
21737162162,-0.299760,0.088689
21737177188,-0.341496,0.188828
21737190714,-0.306778,0.077436
21737207166,-0.310243,0.073854
21737222192,-0.352988,0.182460
21737235714,-0.313612,0.074840
21737252185,-0.318274,0.075395
21737267214,-0.416118,0.169532
21737298221,-0.494686,0.127662
21737312151,-0.580253,0.090958
21737325747,-0.558603,-0.025829
21737342105,-0.702965,0.036956
21737357161,-0.746915,0.014490
21737370755,-0.718305,-0.107190
21737387247,-0.811229,-0.027843
21737415766,-0.795325,-0.162221
21737460793,-0.886338,-0.086347
21737477185,-0.890115,-0.108189
21737492155,-0.892836,-0.124733
21737505802,-0.845456,-0.229866
21737522160,-0.898955,-0.146431
21737537182,-0.903523,-0.151620
21737550791,-0.905314,-0.155855
21737567188,-0.906376,-0.160178
21737596836,-0.962305,-0.075916
21737612158,-0.911247,-0.169197
21737627159,-0.912004,-0.171959
21737640757,-0.912555,-0.174450
21737657133,-0.913527,-0.177075
21737672181,-0.914183,-0.179588
21737685723,-0.914473,-0.181548
21737702197,-0.915621,-0.183966
21737717122,-0.916504,-0.185931
21737748195,-0.917001,-0.188190
21737762187,-0.916915,-0.189607
21737775633,-0.978598,-0.083284
21737792153,-0.850098,-0.304191
21737807082,-0.903124,-0.200930
21737820726,-0.829242,-0.309404
21737837146,-0.875830,-0.205839
21737852150,-0.862983,-0.208314
21737865723,-0.852858,-0.210658
21737910724,-0.772192,-0.320574
21737927172,-0.765235,-0.322322
21737955677,-0.756047,-0.324950
21737987183,-0.802497,-0.220786
21738000676,-0.798887,-0.222264
21738017184,-0.796963,-0.219798
21738046809,-0.741068,-0.322970
21738062164,-0.741989,-0.323449
21738077155,-0.744458,-0.325498
21738090719,-0.745814,-0.327193
21738107168,-0.747368,-0.328629
21738122151,-0.748946,-0.330215
21738135702,-0.749665,-0.329667
21738152130,-0.750921,-0.328687
21738167180,-0.752968,-0.329379
21738198280,-0.756883,-0.330402
21738212139,-0.758813,-0.330293
21738225734,-0.760849,-0.330270
21738242141,-0.763011,-0.330116
21738257136,-0.764794,-0.330108
21738270765,-0.765261,-0.328641
21738287139,-0.765622,-0.326511
21738302089,-0.765995,-0.324664
21738315799,-0.768468,-0.325502
21738360790,-0.821331,-0.194681
21738377133,-0.826247,-0.200493
21738405741,-0.856301,-0.193230
21738422146,-0.873131,-0.189866
21738437166,-0.882926,-0.191288
21738450779,-0.891696,-0.187410
21738467192,-0.902092,-0.184725
21738496842,-0.913659,-0.185782
21738512153,-0.918973,-0.185955
21738527155,-0.924088,-0.185740
21738540794,-0.927464,-0.185836
21738557129,-0.930478,-0.187774
21738572163,-0.934558,-0.187772
21738585766,-0.889102,-0.309508
21738602176,-0.938292,-0.191098
21738617129,-0.938443,-0.196262
21738648214,-0.939988,-0.195948
21738662163,-0.939705,-0.199034
21738692136,-0.941647,-0.197996
21738707173,-0.941580,-0.199533
21738720647,-0.941415,-0.200653
21738737136,-0.940717,-0.203984
21738752086,-0.935992,-0.210871
21738765708,-0.923187,-0.207110
21738810706,-0.733716,-0.137871
21738827140,-0.585139,-0.079159
21738855701,-0.374931,0.020822
21738872154,-0.299271,0.064429
21738887158,-0.247216,0.095644
21738900742,-0.208323,0.115910
21738917160,-0.171584,0.133094
21738946755,-0.127850,0.158260
21738962164,-0.110097,0.171128
21738977119,-0.096452,0.182174
21738990688,-0.086489,0.191272
21739007156,-0.074619,0.202046
21739022158,-0.064498,0.210997
21739035662,-0.038367,0.223319
21739052129,0.009490,0.248869
21739067161,0.057687,0.285415
21739098154,0.122061,0.335155
21739112156,0.141349,0.344093
21739125698,0.158717,0.351746
21739142164,0.176111,0.358646
21739170702,0.198211,0.365913
21739187155,0.208356,0.365415
21739202073,0.231423,0.235320
21739427148,0.013528,0.228406
21739440745,0.006356,0.220393
21739457140,0.003222,0.213132
21739472136,0.002340,0.212288
21739485702,0.001388,0.211425
21739502147,-0.000245,0.213231
21739517160,-0.001142,0.219234
21739548252,-0.002906,0.230644
21739562153,-0.003969,0.236064
21739575737,-0.005302,0.241222
21739607118,0.001102,0.246429
21739800811,0.571536,0.180379
21739817129,0.511150,0.423230
21740372101,-0.721308,0.236429
21740385746,-0.724397,0.219941
21740402133,-0.630689,0.264289
21740417137,-0.609855,0.237206
21740448222,-0.645738,0.129458
21740462050,-0.619737,0.104708
21740475578,-0.588881,0.081702
21740492101,-0.556621,0.060171
21740507174,-0.531962,0.044242
21740520606,-0.514972,0.036627
21740537007,-0.498315,0.031888
21740565597,-0.475747,0.026082
21740610617,-0.452512,0.022693
21740627127,-0.448689,0.025140
21740642173,-0.444749,0.028522
21740655607,-0.447478,-0.051807
21740672099,-0.545832,0.122236
21740687144,-0.606033,0.166094
21740700620,-0.613039,0.073538
21740717129,-0.685313,0.216048
21740746817,-0.695356,0.130340
21740762128,-0.713299,0.140622
21740777007,-0.769751,0.279662
21740790687,-0.783879,0.289003
21740807131,-0.748741,0.153686
21740835704,-0.813944,0.307711
21740852098,-0.822434,0.314762
21740867159,-0.772610,0.160084
21740898173,-0.842493,0.335577
21740912088,-0.847807,0.342067
21740925803,-0.786181,0.172338
21740942096,-0.860729,0.376970
21740957111,-0.880107,0.481854
21740970670,-0.895216,0.557509
21740987048,-0.910353,0.629399
21741015713,-0.991283,0.912176
21741060615,-0.929108,0.704144
21741092093,-0.931455,0.720296
21741105611,-0.932010,0.731006
21741122100,-0.868953,0.558948
21741137094,-0.932486,0.739143
21741150660,-0.870952,0.572639
21741317143,-0.953138,0.735513
21741348253,-0.898274,0.599313
21741362100,-0.952293,0.746189
21741375657,-0.950807,0.746747
21741407099,-0.947889,0.747625
21741420607,-0.946809,0.745834
21741465626,-0.853321,0.589911
21741510618,-0.554504,0.121469
21741527109,-0.477797,0.027989
21741542124,-0.426655,-0.043381
21741555611,-0.386599,-0.090844
21741572086,-0.348867,-0.132526
21741587151,-0.320153,-0.156540
21741600619,-0.300181,-0.172411
21741617112,-0.281938,-0.185368
21741646813,-0.259151,-0.189763
21741662087,-0.248225,-0.196477
21741677080,-0.241698,-0.192685
21741690686,-0.235923,-0.191990
21741707122,-0.229618,-0.190399
21741722125,-0.224026,-0.191087
21741735682,-0.219375,-0.192548
21741752093,-0.215492,-0.194242
21741767125,-0.212707,-0.196311
21741798141,-0.207562,-0.202641
21741812080,-0.232189,-0.311068
21741825786,-0.252688,-0.396248
21741842087,-0.274345,-0.475078
21741857079,-0.291923,-0.528352
21741870769,-0.307924,-0.566958
21741887049,-0.324856,-0.604203
21741915743,-0.349231,-0.655548
21741960816,-0.375833,-0.695743
21741977100,-0.386386,-0.703364
21741992103,-0.401021,-0.698629
21742005792,-0.427333,-0.667552
21742022127,-0.468730,-0.586702
21742037105,-0.521301,-0.457556
21742050762,-0.559561,-0.364808
21742067113,-0.598716,-0.277560
21742096797,-0.647167,-0.177918
21742112105,-0.667537,-0.136490
21742127076,-0.684178,-0.104219
21742140733,-0.696438,-0.081323
21742157108,-0.708364,-0.061577
21742172084,-0.717282,-0.050296
21742185695,-0.724133,-0.042659
21742202138,-0.731534,-0.033251
21742217100,-0.742827,-0.015814
21742248145,-0.791035,0.072329
21742262040,-0.816579,0.120959
21742275622,-0.769002,0.003060
21742292084,-0.789419,0.034377
21742320662,-0.811221,0.069436
21742352120,-0.954788,0.354626
21742365622,-0.828297,0.094577
21742398177,-0.909213,0.244921
21742410578,-0.841232,0.109270
21742472088,-0.998398,0.406712
21742487128,-0.926081,0.279891
21742517112,-0.937295,0.323883
21742546708,-0.879272,0.301270
21742562104,-0.955030,0.429346
21742577091,-0.959140,0.481469
21742590695,-0.894003,0.427939
21742607110,-0.961485,0.539505
21742622094,-0.960880,0.552830
21742635643,-0.895524,0.455785
21742652064,-0.959451,0.572020
21742667085,-0.959284,0.582255
21742698105,-0.959577,0.602316
21742725549,-0.893574,0.477346
21742742112,-0.959420,0.619405
21742770503,-0.894471,0.511081
21742802069,-0.962422,0.727889
21742815525,-0.897359,0.635771
21742848178,-0.966999,0.781225
21742860579,-0.904497,0.691024
21742877094,-0.905548,0.701665
21742892073,-0.972394,0.828650
21742905547,-0.907229,0.719298
21742922101,-0.908848,0.730981
21742937094,-0.977491,0.860454
21742950526,-0.912241,0.743253
21742967084,-0.914221,0.755311
21742996608,-0.916608,0.772308
21743012055,-0.918409,0.774089
21743027122,-0.984487,0.898920
21743040509,-0.983533,0.899763
21743057060,-1.040110,1.018914
21743220543,-0.839257,0.131181
21743237092,-0.906791,0.256202
21743252102,-0.897724,0.223312
21743265596,-0.818135,0.044583
21743298152,-0.876310,0.163866
21743310559,-0.806754,0.007685
21743327086,-0.870706,0.142668
21743342108,-0.869544,0.132764
21743355558,-0.869318,0.125229
21743372095,-0.871969,0.070571
21743387087,-0.875390,0.020080
21743400544,-0.935735,0.117403
21743417045,-0.881721,-0.045960
21743446624,-0.884848,-0.092792
21743462116,-0.890297,-0.105611
21743477052,-0.894458,-0.114319
21743490538,-0.898538,-0.121645
21743507070,-0.902114,-0.127796
21743522061,-0.903113,-0.139523
21743535486,-0.904910,-0.144088
21743552075,-0.904237,-0.144683
21743567065,-0.903301,-0.147928
21743598158,-0.907123,-0.164017
21743612055,-0.909522,-0.175952
21743625588,-0.912104,-0.188152
21743641967,-0.914736,-0.202134
21743670580,-0.859385,-0.339571
21743687052,-0.919107,-0.227006
21743715584,-0.922864,-0.232979
21743748172,-0.924966,-0.240392
21743760588,-0.984911,-0.127365
21743777074,-0.925936,-0.244677
21743792057,-0.926511,-0.249238
21743805550,-0.986143,-0.136360
21743822085,-0.929007,-0.253774
21743837074,-0.929707,-0.256521
21743850557,-0.989829,-0.144903
21743867053,-0.929586,-0.260425
21743896605,-0.926940,-0.259671
21743912046,-0.926250,-0.258509
21743927060,-0.925530,-0.257199
21743940534,-0.925682,-0.258820
21743957084,-0.924322,-0.261518
21743971996,-0.923352,-0.263360
21743985536,-0.922997,-0.264538
21744001964,-0.923431,-0.266412
21744016994,-0.923308,-0.267828
21744048127,-0.921450,-0.279395
21744075552,-0.851358,-0.465842
21744152081,-0.803813,-0.869816
21744198172,-0.762480,-1.461650
21744917065,-0.321016,-1.295596
21744948105,-0.341990,-0.734245
21744975591,-0.366944,-0.410738
21744992043,-0.378660,-0.317538
21745020645,-0.399207,-0.209109
21745037080,-0.408518,-0.171112
21745052026,-0.414869,-0.143952
21745065633,-0.420813,-0.127671
21745098132,-0.433029,-0.107510
21745110649,-0.438152,-0.101396
21745127055,-0.444228,-0.098700
21745142061,-0.451708,-0.133486
21745155620,-0.460100,-0.293116
21745172034,-0.468221,-0.648391
21745187059,-0.440580,-1.164223
21745290561,-0.552824,-1.408294
21745696587,-0.685923,-0.463581
21745727022,-0.661459,-0.311500
